-- phpMyAdmin SQL Dump
-- version 4.8.4
-- https://www.phpmyadmin.net/
--
-- Host: 127.0.0.1
-- Generation Time: Jul 16, 2019 at 11:59 AM
-- Server version: 10.1.37-MariaDB
-- PHP Version: 7.3.0

SET SQL_MODE = "NO_AUTO_VALUE_ON_ZERO";
SET AUTOCOMMIT = 0;
START TRANSACTION;
SET time_zone = "+00:00";


/*!40101 SET @OLD_CHARACTER_SET_CLIENT=@@CHARACTER_SET_CLIENT */;
/*!40101 SET @OLD_CHARACTER_SET_RESULTS=@@CHARACTER_SET_RESULTS */;
/*!40101 SET @OLD_COLLATION_CONNECTION=@@COLLATION_CONNECTION */;
/*!40101 SET NAMES utf8mb4 */;

--
-- Database: `mu_sp_fc`
--

-- --------------------------------------------------------

--
-- Table structure for table `rb_analisa_hasil`
--

CREATE TABLE `rb_analisa_hasil` (
  `id_hasil` int(4) NOT NULL,
  `kd_penyakit` varchar(6) NOT NULL,
  `id_user` int(5) NOT NULL,
  `jam` varchar(20) NOT NULL,
  `hari` varchar(20) NOT NULL,
  `tanggal` varchar(20) NOT NULL
) ENGINE=MyISAM DEFAULT CHARSET=latin1;

--
-- Dumping data for table `rb_analisa_hasil`
--

INSERT INTO `rb_analisa_hasil` (`id_hasil`, `kd_penyakit`, `id_user`, `jam`, `hari`, `tanggal`) VALUES
(96, 'PK004', 3, '21:18:06', 'Senin', '15-07-2013'),
(95, 'PK002', 3, '21:15:16', 'Senin', '15-07-2013'),
(98, 'PK003', 5, '19:00:18', 'Selasa', '16-07-2013'),
(99, 'PK002', 5, '19:00:55', 'Selasa', '16-07-2013'),
(100, 'PK005', 15, '20:54:58', 'Selasa', '16-07-2013'),
(101, 'PK002', 15, '20:55:09', 'Selasa', '16-07-2013'),
(102, 'PK004', 3, '00:37:20', 'Kamis', '18-07-2013'),
(103, 'PK002', 30, '11:53:34', 'Kamis', '18-07-2013'),
(104, 'PK006', 40, '17:28:20', 'Kamis', '15-08-2013'),
(105, 'PK004', 40, '17:35:37', 'Kamis', '15-08-2013'),
(106, 'PK003', 42, '09:33:07', 'Selasa', '03-09-2013'),
(107, 'PK002', 47, '13:19:26', 'Minggu', '01-12-2013'),
(109, 'PK004', 53, '19:01:26', 'Sabtu', '15-02-2014');

-- --------------------------------------------------------

--
-- Table structure for table `rb_berita`
--

CREATE TABLE `rb_berita` (
  `id_berita` int(5) NOT NULL,
  `judul` varchar(100) COLLATE latin1_general_ci NOT NULL,
  `isi_berita` text COLLATE latin1_general_ci NOT NULL,
  `hari` varchar(20) COLLATE latin1_general_ci NOT NULL,
  `tanggal` date NOT NULL,
  `jam` time NOT NULL,
  `dibaca` int(5) NOT NULL DEFAULT '1'
) ENGINE=MyISAM DEFAULT CHARSET=latin1 COLLATE=latin1_general_ci;

--
-- Dumping data for table `rb_berita`
--

INSERT INTO `rb_berita` (`id_berita`, `judul`, `isi_berita`, `hari`, `tanggal`, `jam`, `dibaca`) VALUES
(122, 'Memahami Sistem Pakar', '<p>Perlu diketahui, bahwa sistem pakar atau yang biasa juga disebut dengan istilah expert system, adalah sebuah gerakan atau aksi terstruktur yang pada intinya meniru bagaimana kemudian seorang pakar melakukan pekerjaannya. Sistem pakar sejatinya berkaitan dengan dunia komputer karena umumnya sistem pakar adalah sejenis software atau perangkat lunak yang berguna melakukan pengambilan keputusan dalam performa tinggi atau dengan kata lain sebanding bahkan lebih dengan sang pakar saat menghadapi masalah yang spesial. </p>\r\n<p>Selanjutnya, dalam cara kerja atau ide dasar dari sistem pakar ini adalah sebuah kemahiran bidang tertetu atau yang biasa disebut dengan pakar melakukan transfer kepakarannya ke dalam sistem pada komputer. Tentunya dengan rancangan yang khusus, orang hanya cukup melakukan konsultasi dengan konmputer, bukan lagi dengan manusia pakar. Ini bisa mengantisipasi jika kemudian keahlian seseorang hilang begitu saja lantaran persoalan umur manusia yang terbatas. </p>\r\n<p>Bahkan, survei kemudian telah membuktikan bahwa sistem pakar ternyata memiliki performa yang lebih baik dalam hal pemberian solusi dibanding manusia itu sendiri. Hebat, bukan? </p>\r\n<p>Keberadaan sistem pakar sendiri tidak hanya sembarang dihadirkan atau diciptakan, melainkan sistem pakar memiliki tujuan yang masih berkaitan dengan ilmu pengetahuan melalui media teknologi berupa komputer. Ini terjadi karena sistem pakar adalah sebuah proses transfer pengetahuan dari pakar kepada mesin berupa komputer yang kemudian kembali dikirimkan lagi kepada manusia yang bukan pakar. Dalam dunia ilmu pengetahuan, inilah yang kemudian disebut-sebut sebagai knowledge engineering atau rekayasa pengetahuan. Jelas, kan? </p>\r\n', 'Selasa', '2013-07-16', '23:56:43', 1),
(121, 'Sistem Pakar Tak Selamanya Sempurna', '<p>Apa itu sistem pakar? Sistem pakar bisa dipahami jika kita manganalogikan sebagaimana kita menghadapi masalah yang sangat pelik dan njelimet. Biasanya kita mendatangi seorang pakar atau ahli di bidangnya. Sebagaimana diketahui, seseorang yang memang disebut pakar memanglah sudah teruji kemampunannya karena memang memiliki kemampuan atau keahlian yang spesifik.</p>\r\n<p>Biasanya, jika menghadapi dengan masalah patah tulang, kita akan datang ke ahli patah tulang. Bagi yang punya masalah dengan keuangan, maka kita berkonsultasi dengan pakar manajemen finansial. Begitu pula jika menghadapi masalah dengan komputer, maka kita bawa kepada pakar komputer atau teknisi yang memang sudah malang melintang menghadapi masalah sedang kita hadapi. </p>\r\n<p>Dari sini kita bisa memahami bahwa yang disebut dengan kepakaran atauexpertise dalam sistem pakar ini, tak lain dan tak bukan merupakan wawasan nan meluas lalu kemudian menajam atau menjadi spesifik sesuai dengan apa yang didapat seseorang melalui rentetan panjang pengalaman, pelatihan, membaca, berdiskusi, dan segala hal yang bisa menambah wawasan seseorang tersebut. Maka tak heran jika kemudian yang dinamakan pengetahuan itu bisa menjadikan seseorang menjadi ahli atau pakar yang mampu menyelesaikan masalah serunyam apa pun dengan cara yang elegan. </p>\r\n<p>Dengan sifatnya yang berjenjang, maka kepakaran senantiasa semakin tajam dari hari ke hari. Sungguh beda hasilnya antara pakar senior jika dibanding pakar junior jika memang istilah itu ada. Itu adalah pemamahan pakar dan kepakaran. Lantas, apa itu sistem pakar yang dibahas dalam artikel ini? </p>\r\n', 'Selasa', '2013-07-16', '23:55:48', 1),
(119, 'Beberapa Sistem Pakar Terkenal', '<p>Ada beberapa sistem pakar yang terkenal dan digunakan hampir di seluruh penjuru dunia. Sistem pakar ini merupakan suatu program yang dirancang oleh orang-orang yang memang ahli dalam bidangnya dan akhirnya dimanfaatkan oleh banyak orang atau banyak perusahaan sejak kemunculannya, beberapa system pakar yangterkenal yaitu :</p>\r\n<p>Delta adalah sistem pakar yang dikembangkan dan di-desain oleh General Electric Company yang berupa sistem pakar perawatan personal dengan menggunakan mesin lokomotif listrik diesel. </p>\r\n<p>Sistem pakar Mycin adalah sistem pakar yang dirancang sekitar tahun tujuh puluhan oleh seorang pakar yang berasal dari Universitas Stanford bernama Edward Feigenbaum. Sistem pakar yang satu ini bergerak dalam bidang medical dan berfungsi untuk melakukan diagnosisi terhadap infeksi bakteri serta memberikan rekomendasi atas pengobatan antibiotik yang harus dilakukan terhadap infeksi bakteri tersebut. </p>\r\n<p>Dendral adalah suatu sistem pakar yang mengkhususkan diri pada struktur molekular dan kimia. </p>\r\n<p>Sistem pakar YESMVS adalah sistem pakar yang didesain sekitar awal tahun delapan puluhan oleh perusahaan komputer IBM. Sistem pakar yang satu ini berguna untuk membantu para operator komputer serta sangat berguna dalam melakukan pengaturan pada sistem operasi multiple virtual storage atau pengaturan tempat penyimpanan virtual pada komputer. </p>\r\n', 'Selasa', '2013-07-16', '23:53:18', 1),
(120, 'Alasan Menggunakan Sistem Pakar', '<p>Para tenaga ahli atau pakar yang berada di dalam suatu perusahaan bisa saja memasuki tahap pensiun, keluar dari perusahaan atau meninggal dunia. Jika perusahaan tidak menyiapkan sistem pakar di dalam perusahaan mereka dengan segera maka ketika terjadi si ahli tersebut tidak ada lagi di perusahaan itu, maka operasional perusahaan tersebut tidak akan terganggu dan ketidakhadiran tenaga ahli tersebut tidak memberikan dampak yang besar bagi perusahaan. </p>\r\n<p>Seperti yang kita ketahui, pengetahuan itu sangat perlu untuk didokumentasikan atau dianalisis kembali. Dengan adanya sistem pakar ini maka pendokumentasian pengetahuan akan menjadi lebih terarah dan menjadi lebih rapi. </p>\r\n<p>Pendidikan dan pelatihan di dalam suatu perusahaan merupakan bagian yang memegang peranan penting dalam kelancaran operasional suatu perusahaan. Pendidikan dan pelatihan tersebut juga akan memakan banyak biaya. Karena itulah akhirnya banyak perusahaan yang mengadaptasi sistem pakar di dalam perusahaan mereka untuk melakukan transfer pengetahuan kepada tenaga lain yang bukan ahli dengan biaya yang lebih murah dan dalam waktu yang singkat. </p>\r\n<p>Penggunaan banyak tenaga ahli di dalam suatu perusahaan pastilah akan membuat biaya gaji perusahaan tersebut menjadi besar, karena itu perusahaan menggunakan sistem pakar sehingga hanya menggunakan sedikit tenaga ahli ditambah dengan tenaga yang bukan ahli tapi tetap dapat menjalankan tugas seorang ahli dengan menggunakansistem pakar yang sudah tersedia. </p>\r\n', 'Selasa', '2013-07-16', '23:54:48', 1),
(114, 'Mengenal Pentingnya Menggunakan Sistem Pakar', '<p>Pernah mendengar istilah sistem pakar? Istilah ini sebenarnya sudah terdengar gaungnya sekitar tahun 1980-an. Saat itu muncul program baru yang dikembangkan secara khusus untuk memindahkan keahlian atau kepakaran dalam suatu bidang tertentu dari satu atau lebih manusia dan menjadikan pengetahuan dari manusia tersebut menjadi sebuah program komputer.</p>\r\n<p>Pengertian lain dari sistem pakar yaitu sebuah program atau software yang berisi kumpulan pengetahuan seseorang atau beberapa orang sekaligus yang sengaja menyimpan pengetahuannya ke dalam suatu sistem komputer atau laptop dan dapat digunakan oleh orang lain yang membutuhkannya. </p>\r\n<p>Sistem pakar ini tidak untuk menggantikan suatu posisi atau kedudukan seorang ahli, namun dimanfaatkan untuk mendelegasikan tugas ahli tersebut sehingga waktu pengerjaan bidang keahlian itu menjadi lebih cepat dan tidak memakan waktu yang lama karena satu bidang itu bisa dikerjakan beberapa orang sekaligus. </p>\r\n<p>Pakar di dalam istilah sistem pakar ini mengacu pada orang yang memiliki pengalaman, pengetahuan, metode khusus serta kemampuan untuk menerapkan apa yang dimilikinya untuk memecahkan suatu masalah. </p>\r\n', 'Kamis', '2012-10-18', '22:18:32', 100),
(118, 'Konsep dan Hal Penting Pada Sistem Pakar', '<p>Konsep tentang pengertian pakar terbagi menjadi dua yaitu : \r\n(1).Pakar Biasa, maksudnya adalah pakar di dalam kelompok ini harus memiliki kemampuan untuk memecahkan berbagai permasalahan dengan kualitas hasil yang jauh lebih baik dari orang-orang kebanyakan atau dibandingkan dengan masyarakat umum. </p>\r\n<p> (2).Konsep Pakar Adalah Relatif, maksudnya yaitu konsep pakar di dalam sistem pakar ini memiliki pengertian bahwa pakar yang dimaksudkan di sini mungkin saja memiliki keahlian di waktu dan wilayah tertentu namun ketika dipindahkan ke waktu dan wilayah lain maka ia akan berubah menjadi orang yang bukan pakar lagi. Contohnya adalah seorang mahasiswa hukum pastilah disebut pakar di dalam bidang hukum dibandingkan dengan petugas resepsionis, namun ketika berada di pengadilan, maka mahasiswa hukum itu bukanlah pakar hukum. </p>\r\n<p>Sistem pakar sebenarnya bertujuan untuk memindahkan keahlian yang dimiliki oleh seseorang ke sebuah media elektronik seperti komputer atau laptop dan kemudian sistem pakar yang sudah berubah menjadi program tersebut akhirnya dijalankan oleh orang yang bukan ahli dalam bidang tersebut. </p>\r\n<p>Contoh : Ada seorang akuntan yang sangat ahli dalam penyusun laporan keuangan perusahaan dan pendataan arus keluar masuk uang di dalam perusahaan tersebut. Keahlian akuntan tersebut kemudian dialihkan ke sebuah sistem pakar dengan medianya adalah komputer atau laptop. </p>\r\n<p>Perusahaan akan mencari seorang lulusan SMA yang mampu menguasai dan menjalankan komputer dan pegawai administrasi baru itu diajari menjalankan program yang berasal dari sistem pakar tersebut tanpa harus menempuh pendidikan sebagai akuntan atau belajar akuntansi lagi. Ia tinggal menjalankan sesuai dengan program sistem pakar yang sudah dibuat. </p>\r\n', 'Selasa', '2013-07-16', '23:49:24', 1);

-- --------------------------------------------------------

--
-- Table structure for table `rb_gejala`
--

CREATE TABLE `rb_gejala` (
  `id` int(5) NOT NULL,
  `pertanyaan` text NOT NULL,
  `ifyes` varchar(5) NOT NULL DEFAULT '0',
  `ifno` varchar(5) NOT NULL DEFAULT '0'
) ENGINE=MyISAM DEFAULT CHARSET=latin1;

--
-- Dumping data for table `rb_gejala`
--

INSERT INTO `rb_gejala` (`id`, `pertanyaan`, `ifyes`, `ifno`) VALUES
(4, 'Apakah Rubella kongenitalis ?', '5', '6'),
(5, 'Apakah Infeksi sitomegalovirus bawaan ?', '6', '7'),
(6, 'Apakah Ensefalitis ?', '7', '8'),
(7, 'Apakah Toksoplasmosis kongenitalis ?', 'PK002', '8'),
(8, 'Apakah Kesalahan pada jumlah kromosom (Sindroma Down)?', '9', '10'),
(9, 'Apakah Defek pada kromosom (sindroma X yang rapuh, sindroma Angelman, sindroma Prader-Willi) ? ', '10', '11'),
(10, 'Apakah Translokasi kromosom dan sindroma cri du chat ?', 'PK003', '11'),
(11, 'Apakah Galaktosemia ?', '12', '13'),
(12, 'Apakah Penyakit Tay-Sachs ?', '13', '14'),
(13, 'Apakah Fenilketonuria ?', '14', '15'),
(1, 'Apakah Perdarahan intrakranial sebelum atau sesudah lahir ?', '2', '3'),
(2, 'Apakah Hipoksia (kekurangan oksigen), sebelum, selama atau sesudah lahir ?', '3', '4'),
(14, 'Apakah Sindroma Hunter ?', '15', '16'),
(15, 'Apakah Leukodistrofi metakromatik ?', '16', '17'),
(16, 'Apakah Adrenoleukodistrofi ?', '17', '18'),
(17, 'Apakah Sindroma Lesch-Nyhan ?', '18', '19'),
(18, 'Apakah Sindroma Rett ?', 'PK004', '19'),
(19, 'Apakah Sindroma Reye ?', '20', '21'),
(20, 'Apakah Dehidrasi hipernatremik ?', '21', '22'),
(21, 'Apakah Hipotiroid kongenital ?', '22', '23'),
(22, 'Apakah Hipoglikemia ?', 'PK005', '23'),
(23, 'Apakah Pemakaian alkohol, amfetamin dan obat lain pada ibu hamil ?', '24', '25'),
(24, 'Apakah Keracunan metilmerkuri ?', '25', '26'),
(25, 'Apakah Keracunan timah hitam ?', 'PK006', 'PK010');

-- --------------------------------------------------------

--
-- Table structure for table `rb_halaman`
--

CREATE TABLE `rb_halaman` (
  `judul` varchar(255) NOT NULL,
  `halaman` varchar(20) NOT NULL,
  `detail` text NOT NULL
) ENGINE=MyISAM DEFAULT CHARSET=utf8;

--
-- Dumping data for table `rb_halaman`
--

INSERT INTO `rb_halaman` (`judul`, `halaman`, `detail`) VALUES
('Selamat Datang di Sistem pakar (PHPmu)', 'home', '<p>Sistem pakar (dalam bahasa Inggris : expert system) adalah sistem informasi yang berisi dengan pengetahuan dari pakar sehingga dapat digunakan untuk konsultasi. Pengetahuan dari pakar didalam sistem ini digunakan sebagi dasar oleh Sistem Pakar untuk menjawab pertanyaan (konsultasi).</p>\r\n\r\n<center><img style=\"margin-bottom:2px; width:80%;\" src=\"http://pakar.phpmu.com/view/img/home.png\" /></center>\r\n\r\n<p>Kepakaran (expertise) adalah pengetahuan yang ekstensif dan spesifik yang diperoleh melalui rangkaian pelatihan, membaca, dan pengalaman. Pengetahuan membuat pakar dapat mengambil keputusan secara lebih baik dan lebih cepat daripada non-pakar dalam memecahkan problem yang kompleks. Kepakaran mempunyai sifat berjenjang, pakar top memiliki pengetahuan lebih banyak daripada pakar yunior.</p>\r\n\r\n<p> Tujuan Sistem Pakar adalah untuk mentransfer kepakaran dari seorang pakar ke komputer, kemudian ke orang lain (yang bukan pakar).</p>'),
('About us - Sistem Pakar (PHPmu)', 'about', '<img style=\"margin-bottom:2px;\" src=\"http://pakar.phpmu.com/view/img/about.png\" />\r\n<p><b>Sistem pakar</b> suatu komputer mengandung satu atau lebih manusia suatu bidang spesifik. Jenis program ini pertama kali dikembangkan oleh periset kecerdasan buatan dasawarsa 1960-an dan 1970-an dan diterapkan secara komersial selama 1980-an.</p><p><div>Bentuk umum sistem pakar adalah suatu program yang dibuat berdasarkan suatu set aturan yang menganalisis informasi (biasanya diberikan oleh pengguna suatu sistem) mengenai suatu kelas masalah spesifik serta analisis matematis dari masalah tersebut. Tergantung dari desainnya, sistem pakar juga mampu merekomendasikan suatu rangkaian tindakan pengguna untuk dapat menerapkan koreksi. Sistem ini memanfaatkan kapabilitas penalaran untuk mencapai suatu simpulan.<p></p></div><br></p>'),
('Kelebihan Sistem pakar', 'kelebihan', '<p>Sistem pakar tidak semata-mata diciptakan jika memang di dalamnya tidakmemiliki manfaat. Ada banyak sekali manfaat yang bisa dipetik masyarakat dari sistem pakar ini. Jika memang tak ada manfaatnya, sangat tidak logis sekali kenapa sistem pakar kemudian menjadi sangat populer saat ini. Nah, lantas apa saja manfaat dari sistem pakar itu sendiri? Ini dia jawabannya. </p>\r\n<p>Beberapa manfaat dari sistem pakar adalah mampu meningkatkan outputdan produktivitas lantaran sekali lagi kinerjanya dijalankan bukan oleh manusia, melainkan oleh mesin. Manfaat lainnya adalah mampu meningkatkan kualitas pada pemecahan masalah karena memiliki sifat yang konsisten dan minim kesalahan karena memang sudah dirancang sedemikian rupa. </p>\r\n<p>Selanjutnya, sistem pakar juga bisa menangkap kepakaran manusia yang pada dasarnya sangat terbatas oleh sifat lupa dan lain-lain. Selain itu, sistem pakar juga tetap mampu melakukan tugasnya meski berada di medan yang penuh aral merintang atau dalam kondisi bahaya seperti apa pun. </p>\r\n<p>Pengetahuan menjadi sangat mudah diakses siapa saja dan sangat andal karena memang tak mengenal sakit atau jenis halangan yang bisa menghambat arus wawasan. Sistem pakar mampu memberikan peranan sebagai pelatih atau guru yang sangat sabar dan tak mengenal marah-marah dan membentak-bentak. </p>\r\n'),
('Kelemahan Sistem Pakar', 'kelemahan', '<p>Sebagaimana sebuah kreasi manusia yang jelas bukan Tuhan, maka tetap saja kemudian sistem pakar memiliki kelemahan pada beberapa hal. Pasalnya, apa yang terjadi pada masalah metodologi dalam sistem pakar tidak selamanya mudah dimanfaatkan orang. Lantas, apa saja kelemahan atau keterbatasan dari sistem pakar itu? Mari teruskan membaca artikel ini. <p>\r\n<p>Beberapa hal yang termasuk dalam kelemahan dan bisa saja menghambat dari keberadaan sistem pakar yang ada saat ini adalah tidak semua pengetahuan yang hendak dipelajari atau diambil tersedia, mengingat begitu besar cakupan ilmu pengetahuan itu sendiri. Bahkan, dalam Islam disebut bahwa ilmu pengetahuan yang luas ini laksana satu tetes saja air samudra yang membentang. Meski demikian terbukti sudah bahwa sangat luas sekali wilayah ilmu pengetahuan yang terus digali dan digali oleh manusia hingga hari ini. <p>\r\n<p>Selain itu, kepakaran sendiri kemudian menjadi sangat sulit dilakukan ekstraksi dari manusia karena tidak semua manusia bisa mengikuti alur berpikir sistem pakar yang memang tentu berbeda karena perbedaaan wawasan, bacaan, dan pengalaman itu tadi. Keterbatasan lainnya adalah kerap kali terjadi perbedaan situasi dan cara memandang masalah atau problematika dalam dunia pakar itu sendiri meskipun memang tetap saja tujuannya sama dan benar, yakni menyelesaikan masalah tersebut dengan baik dan memberikan wawasan baru kepada orang lain. <p>\r\n'),
('Salurkan Donasi untuk Sistem Pakar', 'donation', '<p>Saat Anda memilih ikut berpartisipasi dengan bentuk donasi uang, donasi yang kami terima akan diberikan untuk pembelian domain sistem pakar, kami akan membantu order domain tanpa mengambil keuntungan sedikitpun dari pembelian domain tersebut.</p>\r\n\r\n<p>Saat Anda memilih ikut berpatisipasi dengan bentuk donasi tenaga, Anda akan bertanggung jawab untuk update konten dari web sistem pakar yang anda kelola. Apabila anda belum memiliki artikel sendiri, kami telah menyediakan list artikel yang telah kami tampilkan pada halaman awal web sistem pakar silahkan klik pada tombol Kelola Website. Atau anda bisa mendaftarkan organisai/ lembaga sosisal yang tidak ada dalam list kami melalui Daftarkan organisasi. Admin kami akan melakukan aprove, dan setelah kami aprove list akan muncul pada home kami.</p>\r\n\r\n<p>Sumbangan atau donasi atau derma (Inggris: donation yang berasal dari Latin: donum) adalah sebuah pemberian pada umumnya bersifat secara fisik oleh perorangan atau badan hukum, pemberian ini mempunyai sifat sukarela dengan tanpa adanya imbalan bersifat keuntungan, walaupun pemberian donasi dapat berupa makanan, barang, pakaian, mainan ataupun kendaraan akan tetapi tidak selalu demikian, pada peristiwa darurat bencana atau dalam keadaan tertentu lain misalnya donasi dapat berupa bantuan kemanusian atau bantuan dalam bentuk pembangunan, dalam hal perawatan medis donasi dapat pemberian transfusi darah atau dalam hal transplantasi dapat pula berupa pemberian penggantian organ, pemberian donasi dapat dilakukan tidak hanya dalam bentuk pemberian jasa atau barangsemata akan tetapi sebagaimana dapat dilakukan pula dalam bentuk pendanaan kehendak bebas.</p>'),
('Petunjuk untuk Konsultasi pakar', 'help', '<p>Konsep tentang pengertian pakar terbagi menjadi dua yaitu : \r\n(1).Pakar Biasa, maksudnya adalah pakar di dalam kelompok ini harus memiliki kemampuan untuk memecahkan berbagai permasalahan dengan kualitas hasil yang jauh lebih baik dari orang-orang kebanyakan atau dibandingkan dengan masyarakat umum. </p>\r\n<p> (2).Konsep Pakar Adalah Relatif, maksudnya yaitu konsep pakar di dalam sistem pakar ini memiliki pengertian bahwa pakar yang dimaksudkan di sini mungkin saja memiliki keahlian di waktu dan wilayah tertentu namun ketika dipindahkan ke waktu dan wilayah lain maka ia akan berubah menjadi orang yang bukan pakar lagi. Contohnya adalah seorang mahasiswa hukum pastilah disebut pakar di dalam bidang hukum dibandingkan dengan petugas resepsionis, namun ketika berada di pengadilan, maka mahasiswa hukum itu bukanlah pakar hukum. </p>\r\n<p>Sistem pakar sebenarnya bertujuan untuk memindahkan keahlian yang dimiliki oleh seseorang ke sebuah media elektronik seperti komputer atau laptop dan kemudian sistem pakar yang sudah berubah menjadi program tersebut akhirnya dijalankan oleh orang yang bukan ahli dalam bidang tersebut. </p>\r\n<p>Contoh : Ada seorang akuntan yang sangat ahli dalam penyusun laporan keuangan perusahaan dan pendataan arus keluar masuk uang di dalam perusahaan tersebut. Keahlian akuntan tersebut kemudian dialihkan ke sebuah sistem pakar dengan medianya adalah komputer atau laptop. </p>\r\n<p>Perusahaan akan mencari seorang lulusan SMA yang mampu menguasai dan menjalankan komputer dan pegawai administrasi baru itu diajari menjalankan program yang berasal dari sistem pakar tersebut tanpa harus menempuh pendidikan sebagai akuntan atau belajar akuntansi lagi. Ia tinggal menjalankan sesuai dengan program sistem pakar yang sudah dibuat. </p>\r\n');

-- --------------------------------------------------------

--
-- Table structure for table `rb_hubungi`
--

CREATE TABLE `rb_hubungi` (
  `id_hubungi` int(5) NOT NULL,
  `nama` varchar(50) COLLATE latin1_general_ci NOT NULL,
  `email` varchar(100) COLLATE latin1_general_ci NOT NULL,
  `subjek` varchar(100) COLLATE latin1_general_ci NOT NULL,
  `pesan` text COLLATE latin1_general_ci NOT NULL,
  `tanggal` date NOT NULL
) ENGINE=MyISAM DEFAULT CHARSET=latin1 COLLATE=latin1_general_ci;

--
-- Dumping data for table `rb_hubungi`
--

INSERT INTO `rb_hubungi` (`id_hubungi`, `nama`, `email`, `subjek`, `pesan`, `tanggal`) VALUES
(70, 'wap', 'wap@gmail.com', 'From_Guest', 'Maaf om pakar, kq penyakit pada saya tidak terdeteksi ya ?', '2013-05-03'),
(92, 'Administrator', 'robby.prihandaya@gmail.com', 'From_Guest', 'wqeqweqwqweq', '2013-07-16'),
(96, 'Udin Sedunia', 'udin_sedunia@gmail.com', 'From_Guest', 'Memungkinkan orang awam bisa mengerjakan pekerjaan para ahli. Bisa melakukan proses secara berulang secara otomatis. Menyimpan pengetahuan dan keahlian para pakar.', '2013-07-16');

-- --------------------------------------------------------

--
-- Table structure for table `rb_penyakit`
--

CREATE TABLE `rb_penyakit` (
  `id_penyakit` varchar(5) NOT NULL,
  `penyakit` text NOT NULL,
  `keterangan` text NOT NULL,
  `solusi` text NOT NULL
) ENGINE=MyISAM DEFAULT CHARSET=latin1;

--
-- Dumping data for table `rb_penyakit`
--

INSERT INTO `rb_penyakit` (`id_penyakit`, `penyakit`, `keterangan`, `solusi`) VALUES
('PK010', '<center>Penyakit Tidak Ditemukan, silahkan berkonsultasi langsung dengan pakar.</center>', 'Tidak ada Keterangan,..', 'Tidak Di temukan solusi...'),
('PK009', 'Marasmik', 'Marasmik adalah gangguan saluran pencernaan, keadaan kurang gizi yang disebabkan rendahnya konsumsi energi dan protein dalam makanan sehari-hari sehingga tidak memenuhi Angka Kecukupan Gizi', 'Solusinya adalah dengan menkonsumsi makanan yang memiliki protein tinggi.'),
('PK005', 'Metabolik', 'Penyakit metabolik adalah penyakit medis yang berkaitan dengan produksi energi di dalam sel manusia (atau hewan). Kebanyakan penyakit metabolik adalah penyakit genetik atau penyakit keturunan, meski sebagian di antaranya disebabkan makanan, racun, infeksi, dan sebagainya. Penyakit metabolik genetik dikenal juga dengan sebutan gangguan metabolisme sejak lahir.\r\nSalah satu penyakit metabolik yang terkenal dan banyak penderitanya adalah penyakit gula atau diabetes mellitus. Namun banyak di antaranya merupakan penyakit langka.', 'Tanaman obat atau obat-obatan tradisional lebih cocok untuk pengobatan penyakit metabolik dan degeneratif itu karena efek samping yang ditimbulkan relatif kecil sehingga dianggap lebih aman.'),
('PK006', 'Keracunan', 'Keracunan adalah masuknya suatu zat dalam tubuh dalam jumlah tertentu dapat menyebabkan reaksi tubuh yang tidak diinginkan bahkan dapat menimbulkan kematian. Keracunan juga bisa dikatakan sebagai reaksi kimia yang merusak jaringan tubuh atau mengganggu fungsi tubuh. ', '1. Jika racun tertelan, encerkan racun tsb, plus halangi penyerapan menggunakan air biasa, susu atau telur mentah, norit 2 sdt dalam 1 gelas air ( roti dibakar), teh pekat, antasida (promag).\r\n\r\n2. Kosongkan lambung untuk memutahkan jika kurang dari 4 jam dengan merangsang tenggorokan dengan jari.\r\n\r\n3. Beri oksigen murni.'),
('PK007', 'Kwashiorkor', ' kwashiorkor adalah sebuah fenomena penyakit di Indonesia bisa diakibatkan karena kekurangan protein kronis pada anak-anak yang sering disebabkan beberapa hal, antara lain anak tidak cukup mendapat makanan bergizi, anak tidak mendapat asuhan gizi yang memadai dan anak mungkin menderita infeksi penyakit.', 'Memerlukan tindakan secepat mungkin dengan restorasi volume darah dan mengkontrol tekanan darah. Pada tahap awal, kalori diberikan dalam bentuk karbohidrat, gula sederhana, dan lemak. Protein diberikan setelah semua sumber kalori lain telah dapat menberikan tambahan energi. Vitamin dan mineral dapat juga diberikan.'),
('PK008', 'Marasmus', 'Marasmus adalah salah satu bentuk kekurangan gizi yang buruk paling sering ditemui pada balita penyebabnya antara lain karena masukan makanan yang sangat kurang, infeksi, pembawaan lahir, prematuritas, penyakit pada masa neonatus serta kesehatan lingkungan.', 'Cara mengobati penyakit busung lapar harus kepada akar permasalahnnya, dimana tindakan preventif yang harus dilakuikan melalui, peran keluarga, masyarakat, dan khususnya pemerintah, semuanya merupakan peran penting untuk menanggulangi penyakit busung lapar, agar tidak terjadi kekurangan gizi.\r\n\r\nJika sudah terjadi, tindakan yang harus dilakukan adalah tindakan medis, dimana untuk memenuhi gizi pun sangat susah apalagi harus berobat kedokter dengan biaya mahal. obat herballah solusinya, sebagai cara mengobati penyakit busung lapar, yang ekonomis.\r\n\r\nObat herbal yang ekonomis, aman, cepat dan bergizi adalah gamat gold g, insya alloh gamat gold g dapat menyembuhkan penyakit busung lapar.'),
('PK001', 'Trauma (sebelum dan sesudah lahir)', 'Trauma psikologis adalah jenis kerusakan jiwa yang terjadi sebagai akibat dari peristiwa traumatik. Ketika trauma yang mengarah pada gangguan stres pasca trauma, kerusakan mungkin melibatkan perubahan fisik di dalam otak dan kimia otak, yang mengubah respon seseorang terhadap stres masa depan.', 'Berbagai model psikoterapi telah dikembangakan untuk mengatasi PTSD, seperti, terapi perilaku, desensitisasi, hipnoterapi, semuanya cukup efektif asal penderita juga mendapatkan dukungan dari masyarakat lingkunganya dan juga orang terdekatnya.\r\n\r\nPerlu untuk dibedakan, apakah seseorang sudah mengarah pada PTSD atau masih PTS (post traumatic sympton). Kalaupun masih PTS tidak akan sampai menimbulkan gangguan berat, masih dapat ditangani oleh psikolog yang terlatih. Yang perlu dilakukan adalah jangan sampai PTS menjadi PTSD.'),
('PK002', 'Infeksi (bawaan dan sesudah lahir)', 'Infeksi adalah kolonalisasi yang dilakukan oleh spesies asing terhadap organisme inang, dan bersifat pilang membahayakan inang. Organisme penginfeksi, atau patogen, menggunakan sarana yang dimiliki inang untuk dapat memperbanyak diri, yang pada akhirnya merugikan inang. Patogen mengganggu fungsi normal inang dan dapat berakibat pada luka kronik, gangrene, kehilangan organ tubuh, dan bahkan kematian. Respons inang terhadap infeksi disebut peradangan. Secara umum, patogen umumnya dikategorikan sebagai organisme mikroskopik, walaupun sebenarnya definisinya lebih luas, mencakup bakteri, parasit, fungi, virus, prion, dan viroid.', 'Sama dengan penyakit akibat infeksi lainnya, pengobatan infeksi pada umumnya dilakukan dokter dengan pemberian antibiotik. Jangan minum antibiotik sembarangan, ikuti resep dan pengobatan dokter hingga tuntas. Sebaiknya Anda segera memeriksakan diri ke dokter, jika merasakan gejala penyakit infeksi.'),
('PK003', 'Kelainan kromosom', 'merupakan peristiwa hilangnya sebagian kromosom karena kromosom tersebut patah. Potongan kromosom yang tidak memiliki sentromer akan tertinggal dalam anafase dan hancur dalam plasma. Kromosom dapat patah di satu tempat dekat ujung kromosom sehingga bagian ujung kromosom terbuang (delesi terminal) atau dapat terjadi kepatahan di dua tempat , dan mengakibatkan hilangnya suatu segmen di bagian tengah kromosom (delesi interkalar)', 'Menjaga kesehatan janin tidak hanya dilakukan dengan menghindari teratogen, tetapi juga dengan mengkonsumsi gizi yang baik.\r\n      Salah satu zat yang penting untuk pertumbuhan janin adalah asam folat. Kekurangan asam folat bisa meningkatkan resiko terjadinya spina bifida atau kelainan tabung saraf lainnya. Karena spina bifida bisa terjadi sebelum seorang wanita menyadari bahwa dia hamil, maka setiap wanita usia subur sebaiknya mengkonsumsi asam folat minimal sebanyak 400 mikrogram/hari.'),
('PK004', 'Kelainan genetik dan kelainan metabolik yang diturunkan.', 'Penyakit genetik atau kelainan genetik adalah sebuah kondisi yang disebabkan oleh kelainan oleh satu atau lebih gen yang menyebabkan sebuah kondisi fenotipe klinis.', 'Pada kasus hamil kosong, embrio tidak dapat berkembang sempurna menjadi janin, sehingga dapat keluar sendiri. Dokter ahli kandungan akan melakukan tindakan suction atau evakuasi berupa kuretase. Dianjurkan kuretase dilakukan sebelum usia kehamilan 14 minggu untuk mengurangi komplikasi, seperti: perdarahan, infeksi, perforasi uterus (berlubangnya rahim), dsb. Teknik kuretase dapat menggunakan kuret tajam atau vakum.');

-- --------------------------------------------------------

--
-- Table structure for table `rb_users`
--

CREATE TABLE `rb_users` (
  `id_user` int(5) NOT NULL,
  `email` varchar(100) COLLATE latin1_general_ci NOT NULL,
  `password` varchar(50) COLLATE latin1_general_ci NOT NULL,
  `nama_lengkap` varchar(100) COLLATE latin1_general_ci NOT NULL,
  `no_telp` varchar(20) COLLATE latin1_general_ci NOT NULL,
  `jenis_kelamin` varchar(10) COLLATE latin1_general_ci NOT NULL,
  `level` varchar(20) COLLATE latin1_general_ci NOT NULL DEFAULT 'member',
  `alamat_lengkap` varchar(255) COLLATE latin1_general_ci NOT NULL,
  `umur` varchar(255) COLLATE latin1_general_ci NOT NULL
) ENGINE=MyISAM DEFAULT CHARSET=latin1 COLLATE=latin1_general_ci;

--
-- Dumping data for table `rb_users`
--

INSERT INTO `rb_users` (`id_user`, `email`, `password`, `nama_lengkap`, `no_telp`, `jenis_kelamin`, `level`, `alamat_lengkap`, `umur`) VALUES
(1, 'admin@admin.com', '21232f297a57a5a743894a0e4a801fc3', 'Administrator', '081267771344', 'Laki-laki', 'admin', 'Tunggul Hitam, Padang', '24'),
(2, 'dewi@gmail.com', 'ed1d859c50262701d92e5cbf39652792', 'dewi kaze', '08129734023', '', 'member', 'Veteran Padang', '18');

--
-- Indexes for dumped tables
--

--
-- Indexes for table `rb_analisa_hasil`
--
ALTER TABLE `rb_analisa_hasil`
  ADD PRIMARY KEY (`id_hasil`);

--
-- Indexes for table `rb_berita`
--
ALTER TABLE `rb_berita`
  ADD PRIMARY KEY (`id_berita`);

--
-- Indexes for table `rb_gejala`
--
ALTER TABLE `rb_gejala`
  ADD PRIMARY KEY (`id`),
  ADD UNIQUE KEY `id` (`id`);

--
-- Indexes for table `rb_hubungi`
--
ALTER TABLE `rb_hubungi`
  ADD PRIMARY KEY (`id_hubungi`);

--
-- Indexes for table `rb_penyakit`
--
ALTER TABLE `rb_penyakit`
  ADD PRIMARY KEY (`id_penyakit`);

--
-- Indexes for table `rb_users`
--
ALTER TABLE `rb_users`
  ADD PRIMARY KEY (`id_user`);

--
-- AUTO_INCREMENT for dumped tables
--

--
-- AUTO_INCREMENT for table `rb_analisa_hasil`
--
ALTER TABLE `rb_analisa_hasil`
  MODIFY `id_hasil` int(4) NOT NULL AUTO_INCREMENT, AUTO_INCREMENT=110;

--
-- AUTO_INCREMENT for table `rb_berita`
--
ALTER TABLE `rb_berita`
  MODIFY `id_berita` int(5) NOT NULL AUTO_INCREMENT, AUTO_INCREMENT=123;

--
-- AUTO_INCREMENT for table `rb_hubungi`
--
ALTER TABLE `rb_hubungi`
  MODIFY `id_hubungi` int(5) NOT NULL AUTO_INCREMENT, AUTO_INCREMENT=98;

--
-- AUTO_INCREMENT for table `rb_users`
--
ALTER TABLE `rb_users`
  MODIFY `id_user` int(5) NOT NULL AUTO_INCREMENT, AUTO_INCREMENT=90;
COMMIT;

/*!40101 SET CHARACTER_SET_CLIENT=@OLD_CHARACTER_SET_CLIENT */;
/*!40101 SET CHARACTER_SET_RESULTS=@OLD_CHARACTER_SET_RESULTS */;
/*!40101 SET COLLATION_CONNECTION=@OLD_COLLATION_CONNECTION */;
